{"_sessions":{"BTa3EpTu5FXkT0JDpQFB4VabFX2eCWVRU6eq20iuJTFG":{"registrationId":102947796,"currentRatchet":{"ephemeralKeyPair":{"pubKey":"BTOYWIAmr0qhA5/yVywNPoABbiaIJEuSLNxW5RwQ4vZ8","privKey":"QF208grrqG8f6jMgBXg0KW+vcxZ+pMSLlV0mEs54ylE="},"lastRemoteEphemeralKey":"BWsMhJ2yE+BG87Ae3Z43vl/g3xAuspNx03pnzCfgwNIu","previousCounter":0,"rootKey":"B1JaViUvab5gZpS1i5OR7/z2j/2y7p4p8e+wrMY4hig="},"indexInfo":{"baseKey":"BTa3EpTu5FXkT0JDpQFB4VabFX2eCWVRU6eq20iuJTFG","baseKeyType":1,"closed":-1,"used":1757066510296,"created":1757066510296,"remoteIdentityKey":"BbhGLw0nWysbCP3o1VA7WaOe0+Rxb7mA/gf4rp3SLCAE"},"_chains":{"BTOYWIAmr0qhA5/yVywNPoABbiaIJEuSLNxW5RwQ4vZ8":{"chainKey":{"counter":0,"key":"U/7j6UNCsAWEKIs3a/SGmL7vZWn4Rt3dDMfjkBjTIOA="},"chainType":1,"messageKeys":{}}},"pendingPreKey":{"signedKeyId":10,"baseKey":"BTa3EpTu5FXkT0JDpQFB4VabFX2eCWVRU6eq20iuJTFG","preKeyId":366660}}},"version":"v1"}