{"_sessions":{"BXMMWhfoPnaliDyeDRWW8SGhHbGGeeLJHIEHOw4gHvBS":{"registrationId":1178384442,"currentRatchet":{"ephemeralKeyPair":{"pubKey":"BWFmhA0YCGrsZVOaRrFM4xdmD9LCfHO1SPEJGON84aMv","privKey":"KPPTbiXI8s69PE0ylVOLaj8OcAnhJzGLLtg8Gca2qFo="},"lastRemoteEphemeralKey":"Be7j189Cgtr0MBF2Aw/LBpXh7P+/pLWlVwZUo/En2Hdk","previousCounter":0,"rootKey":"aIair85nXVJPQTqwksf0qC4HRR0i7hpR2R+SkDLUG7A="},"indexInfo":{"baseKey":"BXMMWhfoPnaliDyeDRWW8SGhHbGGeeLJHIEHOw4gHvBS","baseKeyType":1,"closed":-1,"used":1757066509809,"created":1757066509809,"remoteIdentityKey":"BTYcVvcLqFU58aUDlRQGOw+CXyphCDIy5cljlAsdagxy"},"_chains":{"BWFmhA0YCGrsZVOaRrFM4xdmD9LCfHO1SPEJGON84aMv":{"chainKey":{"counter":0,"key":"qm7RVoxR3UtdLHiUuJfQoHKaRSimf2x4QQKVINAmoag="},"chainType":1,"messageKeys":{}}},"pendingPreKey":{"signedKeyId":6,"baseKey":"BXMMWhfoPnaliDyeDRWW8SGhHbGGeeLJHIEHOw4gHvBS","preKeyId":10247251}}},"version":"v1"}