{"_sessions":{"BRtZQ/Ra5AQLrb8Nk6aJTqC7sOg1kcGUZyp1fePOn1ds":{"registrationId":127229500,"currentRatchet":{"ephemeralKeyPair":{"pubKey":"BUCI7UHZiZvXa6wkZ0nEMg8klyA/gZ8FTwCvadFaDTNA","privKey":"aAliCXB+tyciutqo2tL2L9pp7WnYXWrbs51QM2ZBiXY="},"lastRemoteEphemeralKey":"BThNdJM4ZmzEPoV+zDqD3Er0j9LmaeZibyRGvfzxGf9r","previousCounter":0,"rootKey":"0ckrDB66JCUnIq115ZvKM2mwKuNraVZ60NKV9G8gSBM="},"indexInfo":{"baseKey":"BRtZQ/Ra5AQLrb8Nk6aJTqC7sOg1kcGUZyp1fePOn1ds","baseKeyType":2,"closed":-1,"used":1757066504236,"created":1757066504236,"remoteIdentityKey":"BQwiGx33/t+ilHCr7QKRJnJiNcRnguPOVrB+qlNW3RYa"},"_chains":{"BThNdJM4ZmzEPoV+zDqD3Er0j9LmaeZibyRGvfzxGf9r":{"chainKey":{"counter":0,"key":"GZ02b6Rm+vfr5iJOyKO65WWDqBA77JP1wCRZsvUnRqg="},"chainType":2,"messageKeys":{}},"BUCI7UHZiZvXa6wkZ0nEMg8klyA/gZ8FTwCvadFaDTNA":{"chainKey":{"counter":0,"key":"FPJK42inHjR3+zB/pkkOyaYsodT0fal36BZ/zzet6lo="},"chainType":1,"messageKeys":{}}}}},"version":"v1"}