{"_sessions":{"BQkT+8MowN/03nhtd5sF5LiVsj95Z9khljG2nWge5ER1":{"registrationId":1298145307,"currentRatchet":{"ephemeralKeyPair":{"pubKey":"BQhlsdUJnZYhRcPDeYRT6QyqVaU5vgTtoGqBo045gl5u","privKey":"KIT1l+BbKTyh8SN6SLCo9/VQ9TqbEA72ugZysNIlSFY="},"lastRemoteEphemeralKey":"BQ1ST/cWoJpvEVklVoZM9HdAE388cyMU/w0a1i5jQmBj","previousCounter":0,"rootKey":"/8B3m98+IQaPHpVWTGtXB24UGTb7CJe9GqYK5mRq++E="},"indexInfo":{"baseKey":"BQkT+8MowN/03nhtd5sF5LiVsj95Z9khljG2nWge5ER1","baseKeyType":1,"closed":-1,"used":1757066510423,"created":1757066510423,"remoteIdentityKey":"BRn/Ka0sPGBSWfhaYRuRrIrMZLSFBft+NZKuQ2Zj34J5"},"_chains":{"BQhlsdUJnZYhRcPDeYRT6QyqVaU5vgTtoGqBo045gl5u":{"chainKey":{"counter":0,"key":"1BBO6SeLpYGNqrHbLYtsUZhP8JJvYFUFn5rDFhlJUVA="},"chainType":1,"messageKeys":{}}},"pendingPreKey":{"signedKeyId":1,"baseKey":"BQkT+8MowN/03nhtd5sF5LiVsj95Z9khljG2nWge5ER1","preKeyId":9366583}}},"version":"v1"}