{"_sessions":{"BRqmDmYf33chsWecjgkrDCsm/aMaBm5tv4snJ54I7HxT":{"registrationId":2032183346,"currentRatchet":{"ephemeralKeyPair":{"pubKey":"BYSYzeJdcoaGMAf2PXupnjX0+v+Z4lNkX8OKygFNwnYV","privKey":"oGXdu4HLJ5ToUIQOZ8/yOLE9WhTHgUWORjpom2QaGUk="},"lastRemoteEphemeralKey":"BcA1dSdSRWx8XyxVrXewgv9C0Y0yuqLDdbBxbmtYTsZn","previousCounter":0,"rootKey":"tOxrUDBLRvSEBfG2n9puaKz4URpPHWyMCfLI1C6HUGk="},"indexInfo":{"baseKey":"BRqmDmYf33chsWecjgkrDCsm/aMaBm5tv4snJ54I7HxT","baseKeyType":1,"closed":-1,"used":1757066510805,"created":1757066510805,"remoteIdentityKey":"BfW21Pdh/nKQ4vHRj2DpFzGE3CaM9i6Zqq7CUAeP+Fsj"},"_chains":{"BYSYzeJdcoaGMAf2PXupnjX0+v+Z4lNkX8OKygFNwnYV":{"chainKey":{"counter":0,"key":"MBEHFwdqRDgJFFIl7zoWTb03Hpw3Up0ArAaps567QUI="},"chainType":1,"messageKeys":{}}},"pendingPreKey":{"signedKeyId":11,"baseKey":"BRqmDmYf33chsWecjgkrDCsm/aMaBm5tv4snJ54I7HxT","preKeyId":2137909}}},"version":"v1"}