{"_sessions":{"BR8vdA/B/aNVSGyKgEUbPFnsGfm+OqcEtKzBfROnoh4u":{"registrationId":882867113,"currentRatchet":{"ephemeralKeyPair":{"pubKey":"BVguYUTqd2L6zHodFgno8TlLxbljhM0iHDPscBV5HEc9","privKey":"2P1v2l1IBbXlAypj0ZvI2UbIAcbqvklQNJ+EeGxeJk8="},"lastRemoteEphemeralKey":"BY6JQeXH1gtYf3R53xntPDJr9Qc4aPA9JQmnbo7bra1U","previousCounter":0,"rootKey":"eJaj2JroYTa+Is6I9ttv1ue0VYR20zZPbHDa2rJQoCs="},"indexInfo":{"baseKey":"BR8vdA/B/aNVSGyKgEUbPFnsGfm+OqcEtKzBfROnoh4u","baseKeyType":1,"closed":-1,"used":1757066511796,"created":1757066511796,"remoteIdentityKey":"BZv2u0lh06xl86wg3a4OlrvomEKH5LWkf5O4pG1TTs1M"},"_chains":{"BVguYUTqd2L6zHodFgno8TlLxbljhM0iHDPscBV5HEc9":{"chainKey":{"counter":0,"key":"z6Z32ri2vD1WlFOhJxtWPwf5qy+fk2Yz/YMeozdjBAU="},"chainType":1,"messageKeys":{}}},"pendingPreKey":{"signedKeyId":11,"baseKey":"BR8vdA/B/aNVSGyKgEUbPFnsGfm+OqcEtKzBfROnoh4u","preKeyId":6662923}}},"version":"v1"}