{"_sessions":{"Bad9xHMdqhwFtIKgKvevx3cwlunwF4vsyZv7dEo+jNpN":{"registrationId":373451145,"currentRatchet":{"ephemeralKeyPair":{"pubKey":"BRbhDFFVs14wwbBIUm9nj8G2rNPDbCl5RZ7PDHfuj7ZF","privKey":"cBVi6UOX0fxnMggJhmfKSZd0evnJDtiLOkwCo6OXRlY="},"lastRemoteEphemeralKey":"BaWCuqk7Rf8+Sz9u3hwe6WscVQB5OLZq2m5y/793lPY2","previousCounter":0,"rootKey":"uyf/NCWTRaP22Sn0P/hVDvXMf8eVnoG+cR1U8aNwj7M="},"indexInfo":{"baseKey":"Bad9xHMdqhwFtIKgKvevx3cwlunwF4vsyZv7dEo+jNpN","baseKeyType":1,"closed":-1,"used":1757066511505,"created":1757066511505,"remoteIdentityKey":"BX4VadCqUXZKRtKTs6ScCBDCNMeR5O8vaChMCcwvixQ+"},"_chains":{"BRbhDFFVs14wwbBIUm9nj8G2rNPDbCl5RZ7PDHfuj7ZF":{"chainKey":{"counter":0,"key":"Kn+0ykQ5yUO1GxoCdVBcDf2sRAcWI2V4uGLMjptn284="},"chainType":1,"messageKeys":{}}},"pendingPreKey":{"signedKeyId":4,"baseKey":"Bad9xHMdqhwFtIKgKvevx3cwlunwF4vsyZv7dEo+jNpN","preKeyId":10624382}}},"version":"v1"}