{"_sessions":{"BVy76KucOMxFpE7wqtMFI411Tnn5l+9iR4sJhyjnOqN7":{"registrationId":1105665754,"currentRatchet":{"ephemeralKeyPair":{"pubKey":"BWJ2DH07lcpZzE0KALKbWCdh4BODOobpVUWzDHUlEzZG","privKey":"yGQANb4BGx7gyzWfpLPFQQ7Rsk11VwMKmNPcLDw4R0s="},"lastRemoteEphemeralKey":"Bfl5GdxlUUTQHY5bIpfej0g1yHOBpq1KNQiGYVj6aFdD","previousCounter":0,"rootKey":"B6ugAvBvW7GYsoNurvlEoAZhsfbGi8/SX/4IPqemGgI="},"indexInfo":{"baseKey":"BVy76KucOMxFpE7wqtMFI411Tnn5l+9iR4sJhyjnOqN7","baseKeyType":1,"closed":-1,"used":1757066509823,"created":1757066509823,"remoteIdentityKey":"BRCPrR44309BBh5WtQS1tVT2Ix11Fg0vS8wYelXKLHcT"},"_chains":{"BWJ2DH07lcpZzE0KALKbWCdh4BODOobpVUWzDHUlEzZG":{"chainKey":{"counter":0,"key":"JIArpEPPf1U0m43aLH/QRj9EI/sMRyh/yG7t953xEYM="},"chainType":1,"messageKeys":{}}},"pendingPreKey":{"signedKeyId":0,"baseKey":"BVy76KucOMxFpE7wqtMFI411Tnn5l+9iR4sJhyjnOqN7","preKeyId":7449734}}},"version":"v1"}