{"_sessions":{"BQsCKPq6C7wzCxXg2XllqHoHD+0Qau1Epn+0+Ow7y0NU":{"registrationId":833266197,"currentRatchet":{"ephemeralKeyPair":{"pubKey":"Bf86OfWk+cvYmKv3P6XjZAnDfW9LceQRBBUSX1+WukgC","privKey":"gNUQh9d6KFoR7lmMTzL4jponKU4ZQjsE7Lj1bvI3n1M="},"lastRemoteEphemeralKey":"BWAJz+MQP38wF9a2ckx+0bZYJaT7f3nTCUZNWEuMkLwT","previousCounter":0,"rootKey":"Bl3YhLJgN0nym4R5P4LVKOYmE/izcYLEdt7INcsoCEU="},"indexInfo":{"baseKey":"BQsCKPq6C7wzCxXg2XllqHoHD+0Qau1Epn+0+Ow7y0NU","baseKeyType":1,"closed":-1,"used":1757066511098,"created":1757066511098,"remoteIdentityKey":"BRfjToASJfpNRmSqM5Tam1rhOhw96aUtcU0ikJXhUhxz"},"_chains":{"Bf86OfWk+cvYmKv3P6XjZAnDfW9LceQRBBUSX1+WukgC":{"chainKey":{"counter":0,"key":"v4pi4Irawxo3pOOCb/MG3QAZsewWr4FKu+QhU8e8gV0="},"chainType":1,"messageKeys":{}}},"pendingPreKey":{"signedKeyId":6,"baseKey":"BQsCKPq6C7wzCxXg2XllqHoHD+0Qau1Epn+0+Ow7y0NU","preKeyId":10002111}}},"version":"v1"}