{"_sessions":{"BWnpcCyIviL2Nwkzzlvc3noyee/onf7X1CJpbmgNML4r":{"registrationId":1910193458,"currentRatchet":{"ephemeralKeyPair":{"pubKey":"BTDSKzV+x/M2hsp5dsdJpKrzlJt7uwb+QPLwZmBePjBk","privKey":"kFsPgkQRsuQF07IYskUNYKjWdfWMT1juGWYbZ5sfV1k="},"lastRemoteEphemeralKey":"BTAmf0dIdmsQQu5Rk/ONvFFKVVqT4AHgnOFPzs1IVT9O","previousCounter":0,"rootKey":"XLGhhih1v0PErOVJQPPaRu9DLfmwpSjjUpmBl/iMFD0="},"indexInfo":{"baseKey":"BWnpcCyIviL2Nwkzzlvc3noyee/onf7X1CJpbmgNML4r","baseKeyType":1,"closed":-1,"used":1757066510305,"created":1757066510305,"remoteIdentityKey":"Bcfjl8elFiqtXlucBEIBO5Lo0/IEZjEZRXg/Rlxglz5j"},"_chains":{"BTDSKzV+x/M2hsp5dsdJpKrzlJt7uwb+QPLwZmBePjBk":{"chainKey":{"counter":0,"key":"mw8+p16r9xpwT8c7pcQR0u+nXc0xKhVezgPC7W8YSOI="},"chainType":1,"messageKeys":{}}},"pendingPreKey":{"signedKeyId":0,"baseKey":"BWnpcCyIviL2Nwkzzlvc3noyee/onf7X1CJpbmgNML4r","preKeyId":9808251}}},"version":"v1"}