{"_sessions":{"BWUPdOPFzF8uoHMppCpMZh288Uotd8h+KDsyZgxYRnYF":{"registrationId":159645125,"currentRatchet":{"ephemeralKeyPair":{"pubKey":"BXLD31/+EQBaZCCVHZOWEyhK2f3AzW5Ko2EVZyReptA2","privKey":"SKdUkRBtW3fDWsC/LrA8Jt1BEBiKZmfYItUIuTs9onU="},"lastRemoteEphemeralKey":"BcrvStn6dWfLCXzoZL3UEt2bBwEhOaHfZ79eaxAt+Cke","previousCounter":0,"rootKey":"1fihav0djqaa4boyKi/HkVUX8ibQglYV0mhuZZpP2bk="},"indexInfo":{"baseKey":"BWUPdOPFzF8uoHMppCpMZh288Uotd8h+KDsyZgxYRnYF","baseKeyType":1,"closed":-1,"used":1757066510819,"created":1757066510819,"remoteIdentityKey":"BXuDP3Af9oFKBiNLZ+9HHEqjDHS6NK8in2aqD+kulQpr"},"_chains":{"BXLD31/+EQBaZCCVHZOWEyhK2f3AzW5Ko2EVZyReptA2":{"chainKey":{"counter":0,"key":"ieIU2vCvX4S6tH8Oc9EQv6KQGFBrN7w1hBI0L/D+Zf4="},"chainType":1,"messageKeys":{}}},"pendingPreKey":{"signedKeyId":26,"baseKey":"BWUPdOPFzF8uoHMppCpMZh288Uotd8h+KDsyZgxYRnYF","preKeyId":16722966}}},"version":"v1"}