{"_sessions":{"BYF7ZjYHxcFXpTC8zeLFdjmtaKC3I6qBHQ2uDfCw+v4j":{"registrationId":2116462504,"currentRatchet":{"ephemeralKeyPair":{"pubKey":"BX7Mfc2OV6dP3d9cQU4JhvcdhnMDjYp22E8azVhmTnZq","privKey":"UA+k+72liFVhGfJ+gf5jhyAwAlZube0g+mVp0mr/Ilc="},"lastRemoteEphemeralKey":"Bamr4LhTKo8g4yg+486lQFidd/aCf236OAjs950Bh98G","previousCounter":0,"rootKey":"K00nxzQLpsudxSBHwjtbaOttVNN1cYdU+HjYX423FpA="},"indexInfo":{"baseKey":"BYF7ZjYHxcFXpTC8zeLFdjmtaKC3I6qBHQ2uDfCw+v4j","baseKeyType":1,"closed":-1,"used":1757066512007,"created":1757066512007,"remoteIdentityKey":"BdiGsVl7YCTH/epORviM12Y6UY0seie+qmXbkWUfvg5s"},"_chains":{"BX7Mfc2OV6dP3d9cQU4JhvcdhnMDjYp22E8azVhmTnZq":{"chainKey":{"counter":0,"key":"n+7Tt8H8UVHmuyYm6liOKgzcfIpRTLdCViXbe1/D5Cg="},"chainType":1,"messageKeys":{}}},"pendingPreKey":{"signedKeyId":0,"baseKey":"BYF7ZjYHxcFXpTC8zeLFdjmtaKC3I6qBHQ2uDfCw+v4j","preKeyId":14867075}}},"version":"v1"}