{"_sessions":{"BTNhdbJrRSV6UL6NqZvp+i8jOaRDLc8qB7wVnvSwZPU2":{"registrationId":555100729,"currentRatchet":{"ephemeralKeyPair":{"pubKey":"BdjfPj5RMnDbq93nCd108e0L87v8hjnF/G1h0MPA5hxn","privKey":"MN7JS9QS8VWBuRI2lCGJ7wHL5sr8dxQumDhmK/0oFnA="},"lastRemoteEphemeralKey":"BRPJS06mmwVHu1Uke02Ak9IYBr145yJ9McOHxm/SuRBN","previousCounter":0,"rootKey":"LsMMjuleTXm+Gd/mWPRvONtXURriCAM9xI4Wz6m8eZw="},"indexInfo":{"baseKey":"BTNhdbJrRSV6UL6NqZvp+i8jOaRDLc8qB7wVnvSwZPU2","baseKeyType":1,"closed":-1,"used":1757066510613,"created":1757066510613,"remoteIdentityKey":"BXTcw6oj1L2P5rFyby21FUWvqDy9lrMkepwEubPma21X"},"_chains":{"BdjfPj5RMnDbq93nCd108e0L87v8hjnF/G1h0MPA5hxn":{"chainKey":{"counter":0,"key":"+t6+IStE7/ne6uM0eFdq0vsaFF1ViKqbQEClupJKB1E="},"chainType":1,"messageKeys":{}}},"pendingPreKey":{"signedKeyId":3,"baseKey":"BTNhdbJrRSV6UL6NqZvp+i8jOaRDLc8qB7wVnvSwZPU2","preKeyId":249878}}},"version":"v1"}