{"_sessions":{"BWcC3/V7u7SQgui7ms8Je57ouBT5VL7fflCO+VEJ9HMQ":{"registrationId":1591214822,"currentRatchet":{"ephemeralKeyPair":{"pubKey":"Bf3f6RFiCXRf6UJMfcuPmS1fQ1Mtu04vRO0MVWRNuNMU","privKey":"kL8R8ZAxFqBy9MVhzA3dNSd8KElJtGmgZZ5I08uHCFk="},"lastRemoteEphemeralKey":"BQTd8INn7DyBwWR4AprDlXC/uVwowAkIZnMcOK97Glh0","previousCounter":0,"rootKey":"G4Y9GOnmQWMlnQ8Qw1qL38RDsTNbYXQ0MlFSi/1L12s="},"indexInfo":{"baseKey":"BWcC3/V7u7SQgui7ms8Je57ouBT5VL7fflCO+VEJ9HMQ","baseKeyType":1,"closed":-1,"used":1757066511701,"created":1757066511701,"remoteIdentityKey":"Bfg3+6WAGjm42+VzQ8Ax236a8jNj45NXwFr+1Z15LPNX"},"_chains":{"Bf3f6RFiCXRf6UJMfcuPmS1fQ1Mtu04vRO0MVWRNuNMU":{"chainKey":{"counter":0,"key":"V0+HM7Fv4v+fqi5wznRRuKrKq1oXmNxk9Cias8TKZJU="},"chainType":1,"messageKeys":{}}},"pendingPreKey":{"signedKeyId":8,"baseKey":"BWcC3/V7u7SQgui7ms8Je57ouBT5VL7fflCO+VEJ9HMQ","preKeyId":2793668}}},"version":"v1"}