{"_sessions":{"BfJM4P296eR6Lm02Kd4sGgnTU/igj61kOdjB8qt8ip1v":{"registrationId":1884784916,"currentRatchet":{"ephemeralKeyPair":{"pubKey":"BXhEMpSGqi56rQHFObztqhOT8JO8LN7Yg4/edKLSs8Me","privKey":"GMv0+HoLObGS/5nW/iHAtNCv/w26plKBuiNPLt7KTHU="},"lastRemoteEphemeralKey":"BauW5wuSIeLl2tVg8XxPY4A9U2xqpGNqztEO9nMPu9wM","previousCounter":0,"rootKey":"8gmX1uLfkWnaLwdTQGnihH1ge7RUzfsXe5YyUYDQnj4="},"indexInfo":{"baseKey":"BfJM4P296eR6Lm02Kd4sGgnTU/igj61kOdjB8qt8ip1v","baseKeyType":1,"closed":-1,"used":1757066510213,"created":1757066510213,"remoteIdentityKey":"Ba1vcmmlDysNGvXW79EN6+BFL26pZPppei2ls0RIxcdY"},"_chains":{"BXhEMpSGqi56rQHFObztqhOT8JO8LN7Yg4/edKLSs8Me":{"chainKey":{"counter":0,"key":"d1wu8pv9+apP+y42OTRBr2I932+em7VnrKOETzeWCUQ="},"chainType":1,"messageKeys":{}}},"pendingPreKey":{"signedKeyId":4,"baseKey":"BfJM4P296eR6Lm02Kd4sGgnTU/igj61kOdjB8qt8ip1v","preKeyId":11478623}}},"version":"v1"}