{"_sessions":{"BRvA/tfL/ozdb7PF1u9zqGvuJVe0j36/QlsGnFjucm4o":{"registrationId":1195219932,"currentRatchet":{"ephemeralKeyPair":{"pubKey":"BQNQlIMAC7qjZ6gqCEBYoB4N9mZJYiUXnFqxpJjVfIJG","privKey":"UCFImiy2+B8Ich71i6gZfBnyBkM8T1JHFx04W0qy1Wk="},"lastRemoteEphemeralKey":"BeDd/XRK8i3WMrOJMrSwVRfTxWPva7gn4ASxBOugRNQI","previousCounter":0,"rootKey":"DFoFhWM2GrH3EiHa0bZAmPGPc3hJrFM7DgVHE9GVQIU="},"indexInfo":{"baseKey":"BRvA/tfL/ozdb7PF1u9zqGvuJVe0j36/QlsGnFjucm4o","baseKeyType":1,"closed":-1,"used":1757066510822,"created":1757066510822,"remoteIdentityKey":"BfTMRQhPLd3JgBqVh6E28u/mVWmvKD3QTZ77WXgPPIJ0"},"_chains":{"BQNQlIMAC7qjZ6gqCEBYoB4N9mZJYiUXnFqxpJjVfIJG":{"chainKey":{"counter":0,"key":"klHwCTly9EkAiI0QzPRqU/ZCKUsV3R18Q60vqyz4h2I="},"chainType":1,"messageKeys":{}}},"pendingPreKey":{"signedKeyId":0,"baseKey":"BRvA/tfL/ozdb7PF1u9zqGvuJVe0j36/QlsGnFjucm4o"}}},"version":"v1"}