{"_sessions":{"BSXM0axCyWi1Zlx4BvV+SoDkpfxPmabWmZ4Q4Zh41uAZ":{"registrationId":829351081,"currentRatchet":{"ephemeralKeyPair":{"pubKey":"BWDrjvMwXug8HCgHHt8AcKZ5OxztNihPxhaavFd+gjdy","privKey":"qIpUD0Xm1mOpK7cr/onQMY9LU4CF+QYAZlhB3PXcd2E="},"lastRemoteEphemeralKey":"BYqWACHP+7Vf4yDWgZJEhiMZOviq832u4zWwDgNH3GEF","previousCounter":0,"rootKey":"eBLxVKXqxpcBroOqiFSpQnlWrTwMyglSxCY8tuFU0wE="},"indexInfo":{"baseKey":"BSXM0axCyWi1Zlx4BvV+SoDkpfxPmabWmZ4Q4Zh41uAZ","baseKeyType":1,"closed":-1,"used":1757066511605,"created":1757066511605,"remoteIdentityKey":"BbVdMgZSSj9ySQdSYfBpKkxOCfjJ/imYdTn+X0dcFvg9"},"_chains":{"BWDrjvMwXug8HCgHHt8AcKZ5OxztNihPxhaavFd+gjdy":{"chainKey":{"counter":0,"key":"lPVM1xx8ThgUSLVJYK8t+BcU0rZsflo5mYt635AuA5w="},"chainType":1,"messageKeys":{}}},"pendingPreKey":{"signedKeyId":8,"baseKey":"BSXM0axCyWi1Zlx4BvV+SoDkpfxPmabWmZ4Q4Zh41uAZ"}}},"version":"v1"}