{"_sessions":{"BRy40xLRUrXHgZ4Fd1obI/03QOy0/8Y3rMEXFlDrnxo1":{"registrationId":870796250,"currentRatchet":{"ephemeralKeyPair":{"pubKey":"BSfbWH8o8tvk24dC2ZKe69R93850bjPf3ZnmE1P/F6cM","privKey":"sHNgBTPB90DWd1Hexv7raLp9bX+UFVmaUahP49VANFg="},"lastRemoteEphemeralKey":"BapQLIDYsOiwPMVCkDPrJcs5rfIQCAl3jcCB9iNqdHcT","previousCounter":0,"rootKey":"stPeKFOfCpn008k/myxqxtIGiPA3NgXUIqVRIKGu6Oc="},"indexInfo":{"baseKey":"BRy40xLRUrXHgZ4Fd1obI/03QOy0/8Y3rMEXFlDrnxo1","baseKeyType":1,"closed":-1,"used":1757066509999,"created":1757066509999,"remoteIdentityKey":"BZZPvxzQwnfLN0TvjzhgBR30E3kg75YZUb1wsuG84V9r"},"_chains":{"BSfbWH8o8tvk24dC2ZKe69R93850bjPf3ZnmE1P/F6cM":{"chainKey":{"counter":0,"key":"ICGDe+ly64viT4iVNNPHdAOxHG/+TTMY8loUKL3+ocA="},"chainType":1,"messageKeys":{}}},"pendingPreKey":{"signedKeyId":1,"baseKey":"BRy40xLRUrXHgZ4Fd1obI/03QOy0/8Y3rMEXFlDrnxo1"}}},"version":"v1"}