{"_sessions":{"BSKCdQ8mkvPCTxHsC+Ih2x4aSkoQ6tDZZcfh+NXv1Xol":{"registrationId":282683343,"currentRatchet":{"ephemeralKeyPair":{"pubKey":"BRfKmG6FwztFfMLbnZ4lKSkWma0gmifvY0hrrTxiLAs0","privKey":"oPWk1Ten1/0LigKjU08LsGMmBK6JIXb2yb+p4cKm5E4="},"lastRemoteEphemeralKey":"BZMA6TUF1kGzEWa0mWvsWjaC7bJasnv6pt6hHJiBG4og","previousCounter":0,"rootKey":"rwwyVP5JinxUmtRzu6osqUKt00PNGN0t/O6fw3qj4Io="},"indexInfo":{"baseKey":"BSKCdQ8mkvPCTxHsC+Ih2x4aSkoQ6tDZZcfh+NXv1Xol","baseKeyType":1,"closed":-1,"used":1757066509817,"created":1757066509817,"remoteIdentityKey":"BbZXI0ZmjcfQeqDsFR6zOjbCsLEvpdKY2EqSkzs9KFwO"},"_chains":{"BRfKmG6FwztFfMLbnZ4lKSkWma0gmifvY0hrrTxiLAs0":{"chainKey":{"counter":0,"key":"pSqpnnVRf7X9t3ln95bFL9ZSJGvtb4LNsS2h6zxJJxM="},"chainType":1,"messageKeys":{}}},"pendingPreKey":{"signedKeyId":3,"baseKey":"BSKCdQ8mkvPCTxHsC+Ih2x4aSkoQ6tDZZcfh+NXv1Xol","preKeyId":515555}}},"version":"v1"}