{"_sessions":{"BVfSCE5LJh6xclz0TA24agrc81vv4swjhlPzLscKJAQk":{"registrationId":156255114,"currentRatchet":{"ephemeralKeyPair":{"pubKey":"BQEhOCy9DYPvavbFNm/5Xd8dUPuxLZO+xAmcmHk+JGEB","privKey":"AKP4b6oqqjeHU/7/YgGiviQ4N66sUP+eVkMEAc6oXUI="},"lastRemoteEphemeralKey":"BS1x++a2fbU9yYo/W6EBcLCGTj2Xfoaf6kzhpj2csDpi","previousCounter":0,"rootKey":"K95jkPm6Vz2vfMg9DAWej3w4sb/+4LB+BC3xs0SRlec="},"indexInfo":{"baseKey":"BVfSCE5LJh6xclz0TA24agrc81vv4swjhlPzLscKJAQk","baseKeyType":1,"closed":-1,"used":1757066511909,"created":1757066511909,"remoteIdentityKey":"Ba2CFPd6CDb9YBAiqY+js+9WDwKkxU+rBJaaJ1po/MxZ"},"_chains":{"BQEhOCy9DYPvavbFNm/5Xd8dUPuxLZO+xAmcmHk+JGEB":{"chainKey":{"counter":0,"key":"pmQxmeEmwnu5uqpUpX5xDU/HIaRb0RmgS8eLgF0dWIA="},"chainType":1,"messageKeys":{}}},"pendingPreKey":{"signedKeyId":0,"baseKey":"BVfSCE5LJh6xclz0TA24agrc81vv4swjhlPzLscKJAQk","preKeyId":9210182}}},"version":"v1"}