{"_sessions":{"BWNr7HD5Uc3W4WaAzqNvInflJvKp6e2vFfI3UYYZeMIf":{"registrationId":1244000404,"currentRatchet":{"ephemeralKeyPair":{"pubKey":"BSArBSGcEl+AwCrNDyT67LeJQcVvSgYOTFpO4sbFFocN","privKey":"YGslPQgNx/DdNPHuCTakIYfDQYJ9wSqlpu64Cp0HVUk="},"lastRemoteEphemeralKey":"BTaGunlmJxpfQwLpHIx6d7JNRZ6PyqAis3C3Ijx+zMso","previousCounter":0,"rootKey":"E/5bdpZ1911P5IwgCZJvLnp7c3rg10l0Q1IB39240gE="},"indexInfo":{"baseKey":"BWNr7HD5Uc3W4WaAzqNvInflJvKp6e2vFfI3UYYZeMIf","baseKeyType":1,"closed":-1,"used":1757066510197,"created":1757066510197,"remoteIdentityKey":"BU9htHIEvx1l3AtQ3f/wTPKnTisxFiJJTRqjnI0HMnp0"},"_chains":{"BSArBSGcEl+AwCrNDyT67LeJQcVvSgYOTFpO4sbFFocN":{"chainKey":{"counter":0,"key":"V+NCjvKe6WkF9NcQHO8NS5uYzQ96o5X8FLj/HyK/ieo="},"chainType":1,"messageKeys":{}}},"pendingPreKey":{"signedKeyId":24,"baseKey":"BWNr7HD5Uc3W4WaAzqNvInflJvKp6e2vFfI3UYYZeMIf"}}},"version":"v1"}