{"_sessions":{"BYjA6WGGivk3o+/jB3SJQIjJ4OLGsOfElzFkyVj8bQd3":{"registrationId":211503098,"currentRatchet":{"ephemeralKeyPair":{"pubKey":"BSoV1rq72nLtpEs5En27nwqQ3M7kp8H9orWFt31DgMdY","privKey":"oEvoZ1U28TeMSbALxD0fvlSjl1FcgNdgwsOAQQDZ8lg="},"lastRemoteEphemeralKey":"Bb+9q+8cc5o/B7t/xYMCzPcF8MT18FLPEDpr/EZbb9cw","previousCounter":0,"rootKey":"TJTeh58KBFS2KljUWjaZVVwYxdA0nGhGIBSu1dIdth0="},"indexInfo":{"baseKey":"BYjA6WGGivk3o+/jB3SJQIjJ4OLGsOfElzFkyVj8bQd3","baseKeyType":1,"closed":-1,"used":1757066510513,"created":1757066510513,"remoteIdentityKey":"BV2UbQBqvfK3JTDAdsF2hAQ0irYEnvES5ddJ8mqFjU0A"},"_chains":{"BSoV1rq72nLtpEs5En27nwqQ3M7kp8H9orWFt31DgMdY":{"chainKey":{"counter":0,"key":"pEeBU4y87Vg9I1W87C8RMEH6FucB0cJ8wogcWnPuOKE="},"chainType":1,"messageKeys":{}}},"pendingPreKey":{"signedKeyId":0,"baseKey":"BYjA6WGGivk3o+/jB3SJQIjJ4OLGsOfElzFkyVj8bQd3","preKeyId":6519549}}},"version":"v1"}