{"_sessions":{"BRxAc+Gs8DaRxG4NhYwu9ZPXXCGpH6xFNnExAx8gCG9T":{"registrationId":770851769,"currentRatchet":{"ephemeralKeyPair":{"pubKey":"Ba7/D6xxlIU1j4i3ZO47A+lIUG+HVrE9eWkL5eiOvVYj","privKey":"yHkWQdlg5XBhehp+vAENzFD4pd7QJZn4uqWTu3Ypuk8="},"lastRemoteEphemeralKey":"BQtR6eiXDbARnfG3tUiAGmiLJeiUJQa8Pms0/KGqffcj","previousCounter":0,"rootKey":"ZkLhRzWs5d3InzewzadADP0xQ8/HINEAzbZdTjL7/DI="},"indexInfo":{"baseKey":"BRxAc+Gs8DaRxG4NhYwu9ZPXXCGpH6xFNnExAx8gCG9T","baseKeyType":1,"closed":-1,"used":1757066510999,"created":1757066510999,"remoteIdentityKey":"BYjqa6/7BO67TLLvlCgmfrJFVWa2XT55uiGriXUvnglW"},"_chains":{"Ba7/D6xxlIU1j4i3ZO47A+lIUG+HVrE9eWkL5eiOvVYj":{"chainKey":{"counter":0,"key":"D5BT+7EK+PdwDEUfw2PY76E+uSS2qwa55E68htkG8o0="},"chainType":1,"messageKeys":{}}},"pendingPreKey":{"signedKeyId":0,"baseKey":"BRxAc+Gs8DaRxG4NhYwu9ZPXXCGpH6xFNnExAx8gCG9T","preKeyId":15091613}}},"version":"v1"}