{"_sessions":{"BUt6zw6RgtS8EKmpJdZvyrOUBrSHV/AerYWbQ8tTqasj":{"registrationId":1791110638,"currentRatchet":{"ephemeralKeyPair":{"pubKey":"BaPNn/wp5tV8Luo46V1A0V4geZAlrqYZkz0kMvgLLUVk","privKey":"UB/+sYQ/XtE4PActN/545W88pEk4KG/4OL/K6el5l3E="},"lastRemoteEphemeralKey":"Bfw99beZSB63Ico+SqvO2ha6iPNHIcepag4WpHMajMZk","previousCounter":0,"rootKey":"LjQXV1WBK4vL9HPao0fN6SiiC2sSvunpubjRe4lMw6g="},"indexInfo":{"baseKey":"BUt6zw6RgtS8EKmpJdZvyrOUBrSHV/AerYWbQ8tTqasj","baseKeyType":1,"closed":-1,"used":1757066511403,"created":1757066511403,"remoteIdentityKey":"Bd+AHewPlg8kmxvMl51UI+7Rb/f95UIdnUuwmx2UGmN4"},"_chains":{"BaPNn/wp5tV8Luo46V1A0V4geZAlrqYZkz0kMvgLLUVk":{"chainKey":{"counter":0,"key":"QD5CqpzUW2ZcSGd8lDr7f/nsapTJQWqIkqM4/BTgVNc="},"chainType":1,"messageKeys":{}}},"pendingPreKey":{"signedKeyId":1,"baseKey":"BUt6zw6RgtS8EKmpJdZvyrOUBrSHV/AerYWbQ8tTqasj","preKeyId":11945215}}},"version":"v1"}