{"_sessions":{"BVpG0fEt2IbgFmcnTgKNS5bImcJvyQZ4zAusIIBS1p0B":{"registrationId":425257345,"currentRatchet":{"ephemeralKeyPair":{"pubKey":"BU1w4vRBD+y9r1sDz+PUIZIa1GJ2NRehz2vcxyjOgYdn","privKey":"QIRxE1tcgFTHATN+EQNQNS3Mlwzy+aofz8ezSd1MUEU="},"lastRemoteEphemeralKey":"BdqDlRFEOjzmhS8/K7BP8uXBnlSNp88OrTVMOEePBe8H","previousCounter":0,"rootKey":"dgwLBxJ2vGt7K7BRS5bQoXXVnOMDTP27OsS2KqcFUR0="},"indexInfo":{"baseKey":"BVpG0fEt2IbgFmcnTgKNS5bImcJvyQZ4zAusIIBS1p0B","baseKeyType":1,"closed":-1,"used":1757066510106,"created":1757066510106,"remoteIdentityKey":"BeEGhNnwiXWfVaMOQmN8lkBSJc1uC0QZFbpvLo5KCRAH"},"_chains":{"BU1w4vRBD+y9r1sDz+PUIZIa1GJ2NRehz2vcxyjOgYdn":{"chainKey":{"counter":0,"key":"t+NgH9PmgakmzzBBPfSXLYZ8eEtdswABgIIx/YZwM68="},"chainType":1,"messageKeys":{}}},"pendingPreKey":{"signedKeyId":1917605,"baseKey":"BVpG0fEt2IbgFmcnTgKNS5bImcJvyQZ4zAusIIBS1p0B","preKeyId":8618}}},"version":"v1"}