{"_sessions":{"Bf9wCbUieCYKb4xhldKmKUK9j+qDOQ9LTnccfCIEnLAL":{"registrationId":1484422534,"currentRatchet":{"ephemeralKeyPair":{"pubKey":"BSqPplfclssu/H/ynnz16DgeKzvQkG55WPGQX0czJjMl","privKey":"CF6h627AfA9U0r1rg/JqUivh7o7f1VwHd+Lb7RiwNFw="},"lastRemoteEphemeralKey":"BembVx4VwGGqU7ZrVlcK7CBftU+anIgQ4fzVHRspIBVr","previousCounter":0,"rootKey":"HSPqCSV0KJu3xs+07YE8SyMpp1sJHLHzSCErDzZPTY4="},"indexInfo":{"baseKey":"Bf9wCbUieCYKb4xhldKmKUK9j+qDOQ9LTnccfCIEnLAL","baseKeyType":1,"closed":-1,"used":1757066511006,"created":1757066511006,"remoteIdentityKey":"BY42XQtH2ePjw04tiFrsUwbmJHDjrKuJE7kMig5RrVU0"},"_chains":{"BSqPplfclssu/H/ynnz16DgeKzvQkG55WPGQX0czJjMl":{"chainKey":{"counter":0,"key":"GcMxVmKlkB7mbn9kTBNZSlO38gvBu4x1q4JlBufBqZ4="},"chainType":1,"messageKeys":{}}},"pendingPreKey":{"signedKeyId":560663,"baseKey":"Bf9wCbUieCYKb4xhldKmKUK9j+qDOQ9LTnccfCIEnLAL","preKeyId":399}}},"version":"v1"}