{"_sessions":{"Ba0XiOAbnNcGSaROIEPllBhW4uvB9i1sOl8QQKk4vOge":{"registrationId":1536409817,"currentRatchet":{"ephemeralKeyPair":{"pubKey":"BQMdCMHl89XiucLu71bzaujhfNclViwMItipI+DWSeN3","privKey":"8H1NHOl0figGDRhxd9KspEQOKBozuP1+mAQIiLz+iX0="},"lastRemoteEphemeralKey":"BYzFsY9o0LW62nn8/3K4wjuTw6HP++Pg92JbzzokouwV","previousCounter":0,"rootKey":"yXBipqe2IsK76jdOk5gaP1+Rsaxkxe0aGjiaIQyCsK0="},"indexInfo":{"baseKey":"Ba0XiOAbnNcGSaROIEPllBhW4uvB9i1sOl8QQKk4vOge","baseKeyType":1,"closed":-1,"used":1757066511501,"created":1757066511501,"remoteIdentityKey":"BdvF8z2y21lsuUa8aibAIXD65a5tWzqq0BbGtIu7x79n"},"_chains":{"BQMdCMHl89XiucLu71bzaujhfNclViwMItipI+DWSeN3":{"chainKey":{"counter":0,"key":"Yw6UCVsp9wMI6TZ0hMAQQqLRdKejPUoVEN/ibz9eU6U="},"chainType":1,"messageKeys":{}}},"pendingPreKey":{"signedKeyId":3,"baseKey":"Ba0XiOAbnNcGSaROIEPllBhW4uvB9i1sOl8QQKk4vOge","preKeyId":11415629}}},"version":"v1"}