{"_sessions":{"BaoeYgCXmIcMfqO+W/5ReZDuVp7lhWAWWWa42rKBDDdD":{"registrationId":708448644,"currentRatchet":{"ephemeralKeyPair":{"pubKey":"BdIfzdAtBlv5qHTWZMa9EtXoaTAcHcULeCDIl621la18","privKey":"CLB458FLRtZ4Ab+LSQdOuLik2gjvswSJc+LmnldSLnU="},"lastRemoteEphemeralKey":"BYYrRonnTayGofYV8IU0XBVevHugRb9PfiRYCvjk/TND","previousCounter":0,"rootKey":"gQCsm49ChhuY59xH/cXH5G43PNmtYh6dT8FJeZr10Ko="},"indexInfo":{"baseKey":"BaoeYgCXmIcMfqO+W/5ReZDuVp7lhWAWWWa42rKBDDdD","baseKeyType":1,"closed":-1,"used":1757066510698,"created":1757066510698,"remoteIdentityKey":"BTW4/5fpCzgxYDx/rBkIeOXexn9KUnf1M6ljuTOGos5H"},"_chains":{"BdIfzdAtBlv5qHTWZMa9EtXoaTAcHcULeCDIl621la18":{"chainKey":{"counter":0,"key":"STFAz4UpzSCt9ngwJlbLzYdhH+LfqMgKL56AdhGvcP0="},"chainType":1,"messageKeys":{}}},"pendingPreKey":{"signedKeyId":8,"baseKey":"BaoeYgCXmIcMfqO+W/5ReZDuVp7lhWAWWWa42rKBDDdD","preKeyId":16306393}}},"version":"v1"}