{"_sessions":{"BScLQm7mKy6fMFrI44IyCTzzpt0uaGLDJD1hQjmhPspO":{"registrationId":1431562728,"currentRatchet":{"ephemeralKeyPair":{"pubKey":"BTS46kAD0pO3FlXebSS0TidCMB385HVKnv5XxVvQJCxg","privKey":"eNUYOmfW7gzQZ/7IefttRCbgP46101b2voR1waYGkH8="},"lastRemoteEphemeralKey":"Bdank7zHq/kKHhC2BANZ8Vb2+5oadFCVew3TqLNJ2pNe","previousCounter":0,"rootKey":"QmVGFeHIvrP8MpoUFDq+YRy/5j4SXvqdk8dAkKJGiC8="},"indexInfo":{"baseKey":"BScLQm7mKy6fMFrI44IyCTzzpt0uaGLDJD1hQjmhPspO","baseKeyType":1,"closed":-1,"used":1757066510114,"created":1757066510114,"remoteIdentityKey":"BW3vGdqnXJ8MatFeZzYep+3Gp3V1LcHvyV2Y6tD5dJRm"},"_chains":{"BTS46kAD0pO3FlXebSS0TidCMB385HVKnv5XxVvQJCxg":{"chainKey":{"counter":0,"key":"0BBo46dNDa2y4yScFp2RgADRQ4PBIU1gso+yUu2UF3A="},"chainType":1,"messageKeys":{}}},"pendingPreKey":{"signedKeyId":3,"baseKey":"BScLQm7mKy6fMFrI44IyCTzzpt0uaGLDJD1hQjmhPspO","preKeyId":14053981}}},"version":"v1"}