{"_sessions":{"BTouKoFWBRTLV1Vw+ADak57m6SVFASHlgsZrGa9YDjh0":{"registrationId":1891169853,"currentRatchet":{"ephemeralKeyPair":{"pubKey":"BcDS6MCOh3lLMd6v3H0ARWVa51v2vQIhytkfgllRrUdI","privKey":"EC6jiIYxPTSZvqWyWDqAGeYKOMBIhGholV/YlfxJ0FE="},"lastRemoteEphemeralKey":"BQNqeJ+5n5FJG551ctlmXSx2j3a6zMUQW2Oy7bhMHdNQ","previousCounter":0,"rootKey":"5sFjh7HSqBLIDApYCIN4cevv56Dh13CnJq9WZGty2j0="},"indexInfo":{"baseKey":"BTouKoFWBRTLV1Vw+ADak57m6SVFASHlgsZrGa9YDjh0","baseKeyType":1,"closed":-1,"used":1757066510599,"created":1757066510599,"remoteIdentityKey":"Ba7Nkq9TTqo67uEC+nPWnyxvf3z0UEuw7Q3yMNy1zC5L"},"_chains":{"BcDS6MCOh3lLMd6v3H0ARWVa51v2vQIhytkfgllRrUdI":{"chainKey":{"counter":0,"key":"KGkmRa7/qemQWPNuri5HRHHKpTYHTnob7yg3JPAmqOU="},"chainType":1,"messageKeys":{}}},"pendingPreKey":{"signedKeyId":2,"baseKey":"BTouKoFWBRTLV1Vw+ADak57m6SVFASHlgsZrGa9YDjh0","preKeyId":14822163}}},"version":"v1"}