{"_sessions":{"BbGNOc/0zmpIC3IJ3ptlC91/F+GhBKKycOGgYVTI/28R":{"registrationId":246977697,"currentRatchet":{"ephemeralKeyPair":{"pubKey":"BSI269H7hFdVqRz2tuKyjf3bBoIhKznGNqGgPnO8J3Fs","privKey":"ONEh4Xg6j2gyVBd7YaEI8mL1q/xdGhPaWAsVYcNHHHQ="},"lastRemoteEphemeralKey":"BUbcb00/5XVvSG1++cXQh+HKYcIvV1IuzuLwOjEj598E","previousCounter":0,"rootKey":"U23+a73AskGJXow3A37nLUgKPcIKoM0CJJKp24BnxRg="},"indexInfo":{"baseKey":"BbGNOc/0zmpIC3IJ3ptlC91/F+GhBKKycOGgYVTI/28R","baseKeyType":1,"closed":-1,"used":1757066510508,"created":1757066510508,"remoteIdentityKey":"BZFzdtjfwqbkltVsa3Ol0HijKv9R9Y/bhusp2rKPaEtl"},"_chains":{"BSI269H7hFdVqRz2tuKyjf3bBoIhKznGNqGgPnO8J3Fs":{"chainKey":{"counter":0,"key":"krtnIP8p7GWARHlXntbK0jQx03oBUKEdMLH3r/aDb9U="},"chainType":1,"messageKeys":{}}},"pendingPreKey":{"signedKeyId":14,"baseKey":"BbGNOc/0zmpIC3IJ3ptlC91/F+GhBKKycOGgYVTI/28R","preKeyId":8866733}}},"version":"v1"}