{"_sessions":{"BeUA1497j/R5UtZwHJt6mSbG3ExSm5iQiqkMGMP0W7dR":{"registrationId":920204533,"currentRatchet":{"ephemeralKeyPair":{"pubKey":"BV0sxI9y7ulRDln7xPbBt16jKHF5/7QpeNmbzTsQnDQt","privKey":"QNjyeKUwGtp3KeLcXrU9cQuzaePFWkL1n1CIBvmMm0o="},"lastRemoteEphemeralKey":"BerN8jjYPYaZ2Vi89KMcE8YJacvLVJ1+csD0HLNtjEsj","previousCounter":0,"rootKey":"twoyTb7g2aYOktcvJkNsf9+WD6wnw6Td+aAOXf9/SB4="},"indexInfo":{"baseKey":"BeUA1497j/R5UtZwHJt6mSbG3ExSm5iQiqkMGMP0W7dR","baseKeyType":2,"closed":-1,"used":1757064400499,"created":1757064400499,"remoteIdentityKey":"BWIo0y5ebQxJRmZO9g4chhX/qEfggiUIT3vSZts06X1K"},"_chains":{"BerN8jjYPYaZ2Vi89KMcE8YJacvLVJ1+csD0HLNtjEsj":{"chainKey":{"counter":0,"key":"hhRTNvdkZWxtbPOcvN27SqVxIn4/3X/8cY5glfMB4os="},"chainType":2,"messageKeys":{}},"BV0sxI9y7ulRDln7xPbBt16jKHF5/7QpeNmbzTsQnDQt":{"chainKey":{"counter":-1,"key":"o53gGobf39BYsN1iGx3CCcudljFzBSDZUGltGkVXUS0="},"chainType":1,"messageKeys":{}}}}},"version":"v1"}