{"_sessions":{"BejZ9XfS4DQnt518pddDSfKoYdpPN2Rg/x6bs9Vr0KBg":{"registrationId":849995838,"currentRatchet":{"ephemeralKeyPair":{"pubKey":"BRN4oD0Lx3eIyAqYB+UA83sBXWuar30MmSlCxVeTHnF2","privKey":"CHx8VFKNOr+h99jfG3s8FOvjPmma2BXnJ/q81qIMM1Q="},"lastRemoteEphemeralKey":"BQoZH/603qASpHa902RhGhQK5ZRJYF1Z5E8LDfiYe3Uf","previousCounter":0,"rootKey":"6f6HJ0oTv1CryqhjkB6gFnGcxcNhZ4yXXkF28jxoNfk="},"indexInfo":{"baseKey":"BejZ9XfS4DQnt518pddDSfKoYdpPN2Rg/x6bs9Vr0KBg","baseKeyType":2,"closed":-1,"used":1757064569826,"created":1757064569826,"remoteIdentityKey":"BWU/ZDHkVO8peB/AXYt2ceutWESGm4oPHzXYpSGfcxZ1"},"_chains":{"BQoZH/603qASpHa902RhGhQK5ZRJYF1Z5E8LDfiYe3Uf":{"chainKey":{"counter":2,"key":"AV4t5lo3CbPSLfXaqZ+Oz8GfUbJAgKJnKdeMN5WtqNI="},"chainType":2,"messageKeys":{}},"BRN4oD0Lx3eIyAqYB+UA83sBXWuar30MmSlCxVeTHnF2":{"chainKey":{"counter":0,"key":"JCYnuJSt20V9wdMv2HoKl5GojDqiuQ98Xg7TG8eug6Q="},"chainType":1,"messageKeys":{}}}}},"version":"v1"}