{"_sessions":{"BVjxxDBsz9d1/o6b+We7n5lpX5Fgz0yAmqxEDiTy73ZE":{"registrationId":955948666,"currentRatchet":{"ephemeralKeyPair":{"pubKey":"BYkH+y4J0YBlo8nLmpzHhyCY+5qZ3zf8xBT3DrwzN0ME","privKey":"mIV+LTQcU+goAiOGJOCCvEhyhL3wbPdcVvwcoq1RUUs="},"lastRemoteEphemeralKey":"BXmsYhZio/gZo5z9vVFfT81nw/Vb7I2bic1DmKvjH/xS","previousCounter":0,"rootKey":"ECSsvbqkbHC1l60x55e0ZEhX8NkhakiZ9bI2ewXbGsg="},"indexInfo":{"baseKey":"BVjxxDBsz9d1/o6b+We7n5lpX5Fgz0yAmqxEDiTy73ZE","baseKeyType":1,"closed":-1,"used":1757066511998,"created":1757066511998,"remoteIdentityKey":"BYzSpTGHi3s+vOFg+3MHzrfSkrW62JB8yXrluE2Uz9wy"},"_chains":{"BYkH+y4J0YBlo8nLmpzHhyCY+5qZ3zf8xBT3DrwzN0ME":{"chainKey":{"counter":0,"key":"SPNIc8kdTnjaVZ8+7WPAn3BQbFfmoVkpCrcSSew0++I="},"chainType":1,"messageKeys":{}}},"pendingPreKey":{"signedKeyId":3,"baseKey":"BVjxxDBsz9d1/o6b+We7n5lpX5Fgz0yAmqxEDiTy73ZE","preKeyId":7263470}}},"version":"v1"}