{"_sessions":{"Bf7hPqC550Nr8EVAPqRvkSXYKrhM/rGCZbC7cVgD4qQ6":{"registrationId":554697693,"currentRatchet":{"ephemeralKeyPair":{"pubKey":"BftrYLgg8LTSSXboUGz4X0lh8ElOGklL7U5NvqrfWEFC","privKey":"QLwiVOC8I9wf+EswomFrCSmRrTLy4qM5XdTNgUzX3Go="},"lastRemoteEphemeralKey":"BVECXddZXEu48E3bzY+YYxBmZdqHvwm0+OiV+p0CZqV8","previousCounter":0,"rootKey":"yJImKKWveigO9Nszm64b0ZqSd9tzVHMo5Clk9hzi5f4="},"indexInfo":{"baseKey":"Bf7hPqC550Nr8EVAPqRvkSXYKrhM/rGCZbC7cVgD4qQ6","baseKeyType":1,"closed":-1,"used":1757066511410,"created":1757066511410,"remoteIdentityKey":"BeWnjMrRYp8FAZFon9bVM+KgJXEmGcWBL7znHOaWu2QI"},"_chains":{"BftrYLgg8LTSSXboUGz4X0lh8ElOGklL7U5NvqrfWEFC":{"chainKey":{"counter":0,"key":"R3p7p7zJ7CfWM+VWB5upv530B47sqwmleiU7t2MTSxc="},"chainType":1,"messageKeys":{}}},"pendingPreKey":{"signedKeyId":1,"baseKey":"Bf7hPqC550Nr8EVAPqRvkSXYKrhM/rGCZbC7cVgD4qQ6","preKeyId":2499332}}},"version":"v1"}