{"_sessions":{"BcwO4O/bkZg02sx2gNk9jRziByruhodULC4BMtVtWkAS":{"registrationId":1618861489,"currentRatchet":{"ephemeralKeyPair":{"pubKey":"BW8XkMT1LBZSnzQrApg3IxnCMHhM6BkIRC216MSz14tA","privKey":"AEKy5nemsN/xBU4Ro5rGiUi2lGJFcalPVOLG/BwYKks="},"lastRemoteEphemeralKey":"BU3m0jVTEkMOv1HeojE+Omm/8t7OU5gfeocvYu6vtjp4","previousCounter":0,"rootKey":"6OwWqFRu/xFP74e6WQB5SILAibskpl/lZz40luygt9o="},"indexInfo":{"baseKey":"BcwO4O/bkZg02sx2gNk9jRziByruhodULC4BMtVtWkAS","baseKeyType":1,"closed":-1,"used":1757066511806,"created":1757066511806,"remoteIdentityKey":"BcbQN/FC/MgtDvWBvuT3GiUaxE+5KP9+hZNGI0bJbNJG"},"_chains":{"BW8XkMT1LBZSnzQrApg3IxnCMHhM6BkIRC216MSz14tA":{"chainKey":{"counter":0,"key":"u/C7CYNvuym3dBsJOTkn7e7YXml9zOVY7r+DazAMN5o="},"chainType":1,"messageKeys":{}}},"pendingPreKey":{"signedKeyId":0,"baseKey":"BcwO4O/bkZg02sx2gNk9jRziByruhodULC4BMtVtWkAS","preKeyId":11331841}}},"version":"v1"}