{"_sessions":{"BUZksiJiOsOfQnRCa6ZbiWvVSwgv5l2JfS5n9UG0jA8V":{"registrationId":1205323763,"currentRatchet":{"ephemeralKeyPair":{"pubKey":"BfZJWSoPMibv6U5MDZloiMo8cNJVJ59POVNRaMjh1IBB","privKey":"aAhpFq9oFqkieQ5CJA5qfsiEx5y60YlGaHTmAj80eWk="},"lastRemoteEphemeralKey":"BdXmTFC7ROkvTvBcWf4dg4PPoCMALgLfToNstM06309u","previousCounter":0,"rootKey":"wG1Lm7QBwa4Lfn8ZYn9VDR1xeDnqIE28LMonYN+IZV4="},"indexInfo":{"baseKey":"BUZksiJiOsOfQnRCa6ZbiWvVSwgv5l2JfS5n9UG0jA8V","baseKeyType":1,"closed":-1,"used":1757066510604,"created":1757066510604,"remoteIdentityKey":"Bej3cPBqHPfmiOrZCIo8Nq98B9jAqEcv9osNaaNhJT4X"},"_chains":{"BfZJWSoPMibv6U5MDZloiMo8cNJVJ59POVNRaMjh1IBB":{"chainKey":{"counter":0,"key":"TuWK1LYVvuX0utJrAZOowCaww8nqcMAz5tQ0FOnAm4s="},"chainType":1,"messageKeys":{}}},"pendingPreKey":{"signedKeyId":7,"baseKey":"BUZksiJiOsOfQnRCa6ZbiWvVSwgv5l2JfS5n9UG0jA8V","preKeyId":13644341}}},"version":"v1"}