{"_sessions":{"BUEckGUwfoIpJPn2cAaZk6LcMg6Oq1Pu4v89z+uD3f9i":{"registrationId":686371077,"currentRatchet":{"ephemeralKeyPair":{"pubKey":"Bb5xnkRgYTiT74IRPlKc5G52r2j2wFfIRCortBiz8bFK","privKey":"GHV1bztEU3RFYN8dQlpOcJCxwFn8irYfL0Uk70WwOGw="},"lastRemoteEphemeralKey":"BTR4XtpjdN4RPgsB0jxtXL/Rjh9CbbBzDd2Y9irgBhFa","previousCounter":0,"rootKey":"1guGu2hYiyh8N1V677LnhTY7ATp6rbw2wX7x7TkOprk="},"indexInfo":{"baseKey":"BUEckGUwfoIpJPn2cAaZk6LcMg6Oq1Pu4v89z+uD3f9i","baseKeyType":1,"closed":-1,"used":1757066511105,"created":1757066511105,"remoteIdentityKey":"BauGUEtw4vV9k3iVLVjPTmNTR3fAs+peRnoqcqEHGPsd"},"_chains":{"Bb5xnkRgYTiT74IRPlKc5G52r2j2wFfIRCortBiz8bFK":{"chainKey":{"counter":0,"key":"Jr0RfPvn8dHZZCmd4tMubZrDoURlKN7CBq3x7qlsXC8="},"chainType":1,"messageKeys":{}}},"pendingPreKey":{"signedKeyId":4,"baseKey":"BUEckGUwfoIpJPn2cAaZk6LcMg6Oq1Pu4v89z+uD3f9i","preKeyId":16287391}}},"version":"v1"}