{"_sessions":{"BcNrjdTMisBcZN7PKSbmRq0zrmA9t6N4WDJJkHzIK7hG":{"registrationId":1716447475,"currentRatchet":{"ephemeralKeyPair":{"pubKey":"BWG1M8+/ceAOMx0LxeQKJSiWf76UBQ/7+0UMhESznzcW","privKey":"8Lw8LDlMTeE5Uo+SEf3R3aDDV8+RknO9sfJzJeGainc="},"lastRemoteEphemeralKey":"BVG8tFaoHx/lgDaFy/8XXfIEIvPi/P8RWxmfXpRP0SdU","previousCounter":0,"rootKey":"ZqT895G2hq3XjewuJGFi0MWXq5A/mzxsa2IldtXdors="},"indexInfo":{"baseKey":"BcNrjdTMisBcZN7PKSbmRq0zrmA9t6N4WDJJkHzIK7hG","baseKeyType":1,"closed":-1,"used":1757066510710,"created":1757066510710,"remoteIdentityKey":"BQ62G7UUh5ldxI7c834yf9OhyMi3SjHIE6N90nJ39mwf"},"_chains":{"BWG1M8+/ceAOMx0LxeQKJSiWf76UBQ/7+0UMhESznzcW":{"chainKey":{"counter":0,"key":"CPDgEpgqPcilPR2elBTj0qEaUUglt6OjGecotLNG7TU="},"chainType":1,"messageKeys":{}}},"pendingPreKey":{"signedKeyId":21,"baseKey":"BcNrjdTMisBcZN7PKSbmRq0zrmA9t6N4WDJJkHzIK7hG","preKeyId":1744261}}},"version":"v1"}