{"_sessions":{"BUIbNUYFqXKOzYgBCJp1OAk9z6zGwQ3M1J5PISU3XisI":{"registrationId":513529817,"currentRatchet":{"ephemeralKeyPair":{"pubKey":"BXZqgA6GU4uxyn37UQX6gKxvrGDJQfZnEfRkpH7LfU52","privKey":"oITYaQPzKxkMkwEADT1ixdZ1ZSl/aYRpQnTR31Y091s="},"lastRemoteEphemeralKey":"BUaB5QH9E8dyLT0bPRq9D4cvP/GjZO/QiJ2HsBzvpu0b","previousCounter":0,"rootKey":"/uAU25tUNvgWBw/PmBSELbY4Uw00Qg1CZoU33YXIOTM="},"indexInfo":{"baseKey":"BUIbNUYFqXKOzYgBCJp1OAk9z6zGwQ3M1J5PISU3XisI","baseKeyType":1,"closed":-1,"used":1757066510800,"created":1757066510800,"remoteIdentityKey":"BfxuajhC4c0nfo74/H5MrXbMVBscqNzf582SD2gEaroJ"},"_chains":{"BXZqgA6GU4uxyn37UQX6gKxvrGDJQfZnEfRkpH7LfU52":{"chainKey":{"counter":0,"key":"RkqBMoG2UXyBnIsdaH62QVsG+xJaFpBj9Hy3d8Nbj7w="},"chainType":1,"messageKeys":{}}},"pendingPreKey":{"signedKeyId":4,"baseKey":"BUIbNUYFqXKOzYgBCJp1OAk9z6zGwQ3M1J5PISU3XisI","preKeyId":12461794}}},"version":"v1"}