{"_sessions":{"BTBhAoElVt/9VJep4VHWeQajeJIRzVdv2xEWsAqa4Ahf":{"registrationId":1771166423,"currentRatchet":{"ephemeralKeyPair":{"pubKey":"BSWYD8jX0IjWJnn/llyj4QUq2QV4JPzz5xfkxI00iXxS","privKey":"aDYYiYAkkhx3kXtjFOmCw4t7aafdtBrO3ZwVpwODAko="},"lastRemoteEphemeralKey":"BZ8zsEounuY6wZawWelnP/ylgbNyfO0m2qezzHCY8ype","previousCounter":0,"rootKey":"XhqTQHDWJpmj6gKuT2gapTE2HvpRoPsP2VfpsirzJTo="},"indexInfo":{"baseKey":"BTBhAoElVt/9VJep4VHWeQajeJIRzVdv2xEWsAqa4Ahf","baseKeyType":1,"closed":-1,"used":1757066512010,"created":1757066512010,"remoteIdentityKey":"BYCCEW6dPWpRcsQ4kB7opXn8F3NTzD0yGvcFkzTM5XhY"},"_chains":{"BSWYD8jX0IjWJnn/llyj4QUq2QV4JPzz5xfkxI00iXxS":{"chainKey":{"counter":0,"key":"tmtgH5hgq6koRKjm4Q7BpBQpyfDLlj4BHpQL1LbLJEI="},"chainType":1,"messageKeys":{}}},"pendingPreKey":{"signedKeyId":8,"baseKey":"BTBhAoElVt/9VJep4VHWeQajeJIRzVdv2xEWsAqa4Ahf"}}},"version":"v1"}