{"_sessions":{"BU1RFeK/3ufDxO07FBcCLRsR1t1NMrzAsE47AKv6ZIxV":{"registrationId":223,"currentRatchet":{"ephemeralKeyPair":{"pubKey":"BRvzTJgLP8x1F5AcRw5z1bXlwzKsi9ibY/hfIa1kf5Ym","privKey":"UMr3C19uprGDOQUrMmJuglGUVWsSSzeadUNYIIHQ00c="},"lastRemoteEphemeralKey":"BZwTZ7oN6PoTr+NcVIIeEKkYIrK7I2WUMLq8Y2lisgRh","previousCounter":0,"rootKey":"uQltyzi2R4VC2tqZrpjrckpX8jpEhDLtxs5/qmXbaoo="},"indexInfo":{"baseKey":"BU1RFeK/3ufDxO07FBcCLRsR1t1NMrzAsE47AKv6ZIxV","baseKeyType":1,"closed":-1,"used":1757066512114,"created":1757066512114,"remoteIdentityKey":"BbleLiOHB979RA5q13FUJqN1KSdU0xpXYfZtLliDwO1l"},"_chains":{"BRvzTJgLP8x1F5AcRw5z1bXlwzKsi9ibY/hfIa1kf5Ym":{"chainKey":{"counter":0,"key":"0anFCtIkFT48Pw4DMGINQ9F20Cerp8YuBn2u5A3Bq/M="},"chainType":1,"messageKeys":{}}},"pendingPreKey":{"signedKeyId":1,"baseKey":"BU1RFeK/3ufDxO07FBcCLRsR1t1NMrzAsE47AKv6ZIxV","preKeyId":56}}},"version":"v1"}