{"_sessions":{"BRAniWAGm8qTtXUg+4qPRqw2JsATmLCz5D2Q6BA9EZ51":{"registrationId":373809987,"currentRatchet":{"ephemeralKeyPair":{"pubKey":"BTRfEqYgMgpLRkK619ZBCBaka9EXKlXuLKSNGov/lAto","privKey":"KIbnGTJPK2KbRHP6Yygh0oxUFvV98M7PzgaB0jJ8OVo="},"lastRemoteEphemeralKey":"BZVPp3vnvVOdX0GVL9NPkninrM7hiaXOtlQCytnWoVZK","previousCounter":0,"rootKey":"dni4XMBVAx0etjALAlF6bTYM/HssF3CLa14MyFxYApQ="},"indexInfo":{"baseKey":"BRAniWAGm8qTtXUg+4qPRqw2JsATmLCz5D2Q6BA9EZ51","baseKeyType":1,"closed":-1,"used":1757066511802,"created":1757066511802,"remoteIdentityKey":"BZr7XX8IKDO56eNc4HxLbwuMctwOSsjZP0g2m12fegxP"},"_chains":{"BTRfEqYgMgpLRkK619ZBCBaka9EXKlXuLKSNGov/lAto":{"chainKey":{"counter":0,"key":"y7aE3sUtBnQXfzZ62bQNPbVRM9EMIh9Xils3JSBb8qM="},"chainType":1,"messageKeys":{}}},"pendingPreKey":{"signedKeyId":10,"baseKey":"BRAniWAGm8qTtXUg+4qPRqw2JsATmLCz5D2Q6BA9EZ51","preKeyId":10424538}}},"version":"v1"}