{"_sessions":{"BetXTxLeF74Or8y+AFbvOT4kxWyIsjuwXdm6eQoIXotz":{"registrationId":2044791842,"currentRatchet":{"ephemeralKeyPair":{"pubKey":"BZ0+dtF2zEk+N45ucELlrsMYvZlyxdoXHgnRwsf3Sho2","privKey":"4NK60iWVteiAT43hEXP5Mo6Q6aIyvebLdu7NAxBsgUM="},"lastRemoteEphemeralKey":"BfL+v2Q4hPodAiOakE5T3f84ALqpqUmYS5Q+nzEjCOQT","previousCounter":0,"rootKey":"AZbSMroSox+203IWc01KtzlSapBt6P+eu0DSeUSS/fo="},"indexInfo":{"baseKey":"BetXTxLeF74Or8y+AFbvOT4kxWyIsjuwXdm6eQoIXotz","baseKeyType":1,"closed":-1,"used":1757066511811,"created":1757066511811,"remoteIdentityKey":"BR3PHkZewqxPk7xIrcYacercIYDULX2fo8+DWTCFdEgn"},"_chains":{"BZ0+dtF2zEk+N45ucELlrsMYvZlyxdoXHgnRwsf3Sho2":{"chainKey":{"counter":0,"key":"OZQr+4HR2z1MvjI1YLphMQbxdKsXzSO9kqDz4zliK1I="},"chainType":1,"messageKeys":{}}},"pendingPreKey":{"signedKeyId":2,"baseKey":"BetXTxLeF74Or8y+AFbvOT4kxWyIsjuwXdm6eQoIXotz","preKeyId":15804634}}},"version":"v1"}