{"_sessions":{"BfR5y2u+NO1NDnItO9E4Ix9IVE6X7feMaZ3OJ/NwhdJr":{"registrationId":1430119205,"currentRatchet":{"ephemeralKeyPair":{"pubKey":"BSJ39WYR/WhessZ94FJupX/YA/f77i7Q/8XYw9FddCUH","privKey":"oEUhEfKTqfdqsvoKpcz58KOd9/kM1kPOYSNbu6zmKnk="},"lastRemoteEphemeralKey":"BRJt3o1MVcv3rk92osbLP/em74CXCdvsybgNKwirXH47","previousCounter":0,"rootKey":"4mSycKlbxCtMuv/r0T1ix4DWtSVotgPJyXF6cpKjdb8="},"indexInfo":{"baseKey":"BfR5y2u+NO1NDnItO9E4Ix9IVE6X7feMaZ3OJ/NwhdJr","baseKeyType":1,"closed":-1,"used":1757066510519,"created":1757066510519,"remoteIdentityKey":"Bf3zBARWlYDO3lJad9E3E7CKNOI5m0tjTCeEDwRCuiki"},"_chains":{"BSJ39WYR/WhessZ94FJupX/YA/f77i7Q/8XYw9FddCUH":{"chainKey":{"counter":0,"key":"DT+CqtrkNO5qU8XOrxI0STJciRajnLLTAP3RV05mN6o="},"chainType":1,"messageKeys":{}}},"pendingPreKey":{"signedKeyId":2,"baseKey":"BfR5y2u+NO1NDnItO9E4Ix9IVE6X7feMaZ3OJ/NwhdJr","preKeyId":10060709}}},"version":"v1"}