{"_sessions":{"Bcx7X9BUTgwu9Yva2sOzB/sqQ4zYn0RJIUi16qPH1Bcu":{"registrationId":1555352,"currentRatchet":{"ephemeralKeyPair":{"pubKey":"BWf/Lca3LQGreBh8/IMlr2ZLSXPUJ10hLx204K/25/s1","privKey":"+Fn80S/isHvHqP/DKjkWs+2FqpzsZ3zg/m+G7HfL704="},"lastRemoteEphemeralKey":"BZnaFIvUgbmvN9B8GPOPjwBQnsbL6XAOtvruFUVtsMs6","previousCounter":0,"rootKey":"oGGauwI4wy218ZMI2MTgXaU9HIOwP6rN+iPC40scQgE="},"indexInfo":{"baseKey":"Bcx7X9BUTgwu9Yva2sOzB/sqQ4zYn0RJIUi16qPH1Bcu","baseKeyType":1,"closed":-1,"used":1757066511710,"created":1757066511710,"remoteIdentityKey":"BXWR6Se4UMIGEQb/v0RGLVA4hp8L5iGExyUF57y1EwM3"},"_chains":{"BWf/Lca3LQGreBh8/IMlr2ZLSXPUJ10hLx204K/25/s1":{"chainKey":{"counter":0,"key":"9bFQBsc3ifwFa5hXqWjxM+UAWN7izde+i/F7ydjYx+M="},"chainType":1,"messageKeys":{}}},"pendingPreKey":{"signedKeyId":19,"baseKey":"Bcx7X9BUTgwu9Yva2sOzB/sqQ4zYn0RJIUi16qPH1Bcu","preKeyId":4041116}}},"version":"v1"}