{"_sessions":{"BTQHOoXajQW1vTHJQaK5E9aQBLYyGitpR8vkhfM6EA4F":{"registrationId":201148007,"currentRatchet":{"ephemeralKeyPair":{"pubKey":"BaVaTZUphiivQE4lzxHBNwI7dH7aV78NegKp+XTPgpMS","privKey":"mB5A1/wu7e22LQG3xb4+HWCuhQGpwDPV/1cdf19uSnY="},"lastRemoteEphemeralKey":"BTQ2P6LfjrcgeB8e6vVLhk7BmT9wdZWOdj5WderFVVMw","previousCounter":0,"rootKey":"bh2Tn1gc83iP7yBCgFKjHpsFYSaZzc8M1/JgsDrujV0="},"indexInfo":{"baseKey":"BTQHOoXajQW1vTHJQaK5E9aQBLYyGitpR8vkhfM6EA4F","baseKeyType":1,"closed":-1,"used":1757066511900,"created":1757066511900,"remoteIdentityKey":"BSCplifLJ5+iL9O5MEMQSMueV5plkH7+sIfv77Zo83tn"},"_chains":{"BaVaTZUphiivQE4lzxHBNwI7dH7aV78NegKp+XTPgpMS":{"chainKey":{"counter":0,"key":"bLjSQUuEJhxpFcvuXbo96YrLlGbwtI/wphIdf1WLq78="},"chainType":1,"messageKeys":{}}},"pendingPreKey":{"signedKeyId":6,"baseKey":"BTQHOoXajQW1vTHJQaK5E9aQBLYyGitpR8vkhfM6EA4F","preKeyId":10504559}}},"version":"v1"}