{"_sessions":{"Bfej5mUkt0dq+j54UzDRE27PbrDxQi7icihGmrznTrsS":{"registrationId":656185041,"currentRatchet":{"ephemeralKeyPair":{"pubKey":"BZ8ByTvkRIPOEjrc3gz/Cxwrw1uk3nhAfidcz6gW4SgE","privKey":"WLwbR/RFk1FqaEGBahjcyKv6Xs3KxNb0xPtDN1omSXk="},"lastRemoteEphemeralKey":"BaI/gDSpBN22A0vDzIdJ3B6uO2XNBnRSsVC4u+52Ee8t","previousCounter":0,"rootKey":"ePxVhd+00qK4mq3O3ZsdiODoO5o1B9HtOGlqhOO/7uA="},"indexInfo":{"baseKey":"Bfej5mUkt0dq+j54UzDRE27PbrDxQi7icihGmrznTrsS","baseKeyType":1,"closed":-1,"used":1757066510016,"created":1757066510016,"remoteIdentityKey":"BU3xFooxGyl+Z+/eHmUlXUqmYwvoQuScfnirL2HROXR/"},"_chains":{"BZ8ByTvkRIPOEjrc3gz/Cxwrw1uk3nhAfidcz6gW4SgE":{"chainKey":{"counter":0,"key":"3g+vnTurxVKWAJsSwpa0T4kx6KCSGxx34N2t2BM7rPE="},"chainType":1,"messageKeys":{}}},"pendingPreKey":{"signedKeyId":3,"baseKey":"Bfej5mUkt0dq+j54UzDRE27PbrDxQi7icihGmrznTrsS","preKeyId":943008}}},"version":"v1"}