{"_sessions":{"BTxKamYtWgF9ex+9eEtzYhvaVVFhaBfnpo5Bzx/Dj0BW":{"registrationId":1646025384,"currentRatchet":{"ephemeralKeyPair":{"pubKey":"BSGi4SaP9ro3BoGiJBrYkkkVZIn907PQYblrH+HPIS1e","privKey":"mLatIbOG0IarkFVLZLvKqU2dXnHnY2s2OjL3+9s5RlE="},"lastRemoteEphemeralKey":"BaVgqUm9pxh2H0GWx1lqqDKfdJANgiVfeUuhB2fzfTQM","previousCounter":0,"rootKey":"duUuO8CdHxLWtlmYcU8MhTqSQiwu0vVkZwS3PZyPYgg="},"indexInfo":{"baseKey":"BTxKamYtWgF9ex+9eEtzYhvaVVFhaBfnpo5Bzx/Dj0BW","baseKeyType":1,"closed":-1,"used":1757066510814,"created":1757066510814,"remoteIdentityKey":"Ba7s9jDEWZvLKbBvpkP7r0f5oBkAdlW4wzbKHtl5kMI1"},"_chains":{"BSGi4SaP9ro3BoGiJBrYkkkVZIn907PQYblrH+HPIS1e":{"chainKey":{"counter":0,"key":"P3OVkuOuzmlBDy+JNx60FqP0jXx+8mzjZ0jbJMOiz6A="},"chainType":1,"messageKeys":{}}},"pendingPreKey":{"signedKeyId":4,"baseKey":"BTxKamYtWgF9ex+9eEtzYhvaVVFhaBfnpo5Bzx/Dj0BW","preKeyId":11801160}}},"version":"v1"}