{"_sessions":{"Bb7S6Rla/1XLSECU9FiRwn8AN7NGO/W4YNnW0WHMSk8e":{"registrationId":261343224,"currentRatchet":{"ephemeralKeyPair":{"pubKey":"BWr5yxrVH4QU18QC2jnBQbcIowJdYAo1zxgsRFLq/XBx","privKey":"wH9r61XJafWn6HF7G+2BFQt7L146pv59YHKpk/++8VA="},"lastRemoteEphemeralKey":"BaRlMDV3Hi8WeMJtCnKZp6WyWN2AmmrhsdHfKRNs+Q0s","previousCounter":0,"rootKey":"dHs6G4FEeEgo9XYr7J2THi+mDdlfPyzX0yznRNpra/A="},"indexInfo":{"baseKey":"Bb7S6Rla/1XLSECU9FiRwn8AN7NGO/W4YNnW0WHMSk8e","baseKeyType":2,"closed":-1,"used":1757066691367,"created":1757066691367,"remoteIdentityKey":"BSEBnj+YG6LFadH2T+1oP2jIrvB05nd01WNBVuvNfqdC"},"_chains":{"BaRlMDV3Hi8WeMJtCnKZp6WyWN2AmmrhsdHfKRNs+Q0s":{"chainKey":{"counter":0,"key":"TUQX+DyFSOKcfcXe2Gqbrxya0/8IdoYe228YH87Ahx4="},"chainType":2,"messageKeys":{}},"BWr5yxrVH4QU18QC2jnBQbcIowJdYAo1zxgsRFLq/XBx":{"chainKey":{"counter":-1,"key":"MKeGkYtTgO/KkgLG/Q2IPcF/GK4nMb9ZcraeRMNOb48="},"chainType":1,"messageKeys":{}}}}},"version":"v1"}